{"err_dr": 1.5995526313781738, "err_g": 2.2955727577209473, "fig": {"_type": "image-file", "path": "media/images/fig_82_aee17e19d84381013d00.png", "sha256": "aee17e19d84381013d00f90181c1bf78c026509cceed05045e9c612afbe2e6d7", "size": 178619, "format": "png", "width": 800, "height": 3200}, "precision": 0.0, "recall": 0.0, "density": 0.0, "coverage": 0.0, "fid": 325.64404183075436, "real_is": 1.4686414003372192, "fake_is": 1.0, "_timestamp": 1651731732, "_runtime": 288, "_step": 82, "_wandb": {"runtime": 289}}