{"err_dr": 1.8987988233566284, "err_g": 2.2427635192871094, "fig": {"_type": "image-file", "path": "media/images/fig_23_062174f5bd8f1a61583c.png", "sha256": "062174f5bd8f1a61583cf255f76a35787f9ea88de7450aaf49f231f5bd05310e", "size": 497994, "format": "png", "width": 800, "height": 3200}, "precision": 0.0, "recall": 0.36, "density": 0.0, "coverage": 0.0, "fid": 375.0750727489516, "real_is": 1.4686414003372192, "fake_is": 2.818077325820923, "_timestamp": 1651792671, "_runtime": 60307, "_step": 23}