{"err_dr": -0.009942293167114258, "err_g": 0.1669284552335739, "fig": {"_type": "image-file", "path": "media/images/fig_0_630234c11404ebd917a1.png", "sha256": "630234c11404ebd917a1d384696961e5f549caa82c2a06c9959f44875da3298e", "size": 23957, "format": "png", "width": 800, "height": 3200}, "precision": 0.0, "recall": 0.0, "density": 0.0, "coverage": 0.0, "fid": 324.22517383320445, "real_is": 1.4686414003372192, "fake_is": 1.000000238418579, "_timestamp": 1651732384, "_runtime": 20, "_step": 0}