{"err_dr": -0.22996695339679718, "err_g": 0.2452620267868042, "fig": {"_type": "image-file", "path": "media/images/fig_0_57f9a4ccb4312eaf1acf.png", "sha256": "57f9a4ccb4312eaf1acfe0db3f44bf2a685e441d51de2077a66cc0b50b2e7bc3", "size": 23961, "format": "png", "width": 800, "height": 3200}, "precision": 0.0, "recall": 0.0, "density": 0.0, "coverage": 0.0, "fid": 247.03253891073567, "real_is": 1.0047526359558105, "fake_is": 1.0, "_timestamp": 1651733150, "_runtime": 21, "_step": 0}