{"err_dr": 5.089369773864746, "err_g": 5.777904987335205, "fig": {"_type": "image-file", "path": "media/images/fig_26_2792f90816ed01c7acc1.png", "sha256": "2792f90816ed01c7acc1ec66fcecfd67b4f32001b85f0daf278aa3673dcd7a91", "size": 25382, "format": "png", "width": 800, "height": 3200}, "precision": 0.0, "recall": 0.0, "density": 0.0, "coverage": 0.0, "fid": 283.6875426029956, "real_is": 1.0047526359558105, "fake_is": 1.8672832250595093, "_timestamp": 1651795133, "_runtime": 62004, "_step": 26}