{"err_dr": 0.03553757444024086, "err_g": 0.3289600610733032, "fig": {"_type": "image-file", "path": "media/images/fig_0_be87a11c4d3206592f04.png", "sha256": "be87a11c4d3206592f0436cdfd019b23abdb2356b75c1bc54b4c595a2373574e", "size": 23953, "format": "png", "width": 800, "height": 3200}, "precision": 0.0, "recall": 0.0, "density": 0.0, "coverage": 0.0, "fid": 400.9372359291023, "real_is": 1.5023000240325928, "fake_is": 1.0, "_timestamp": 1651732903, "_runtime": 21, "_step": 0}