{"err_dr": 6.971097946166992, "err_g": 5.493010520935059, "fig": {"_type": "image-file", "path": "media/images/fig_25_c23960a5b18193154c34.png", "sha256": "c23960a5b18193154c3413918ccdbc60087a24cdfc63f2763fe385ada5f733e0", "size": 23933, "format": "png", "width": 800, "height": 3200}, "precision": 0.0, "recall": 0.0, "density": 0.0, "coverage": 0.0, "fid": 402.40013049710575, "real_is": 1.5023000240325928, "fake_is": 0.9999999403953552, "_timestamp": 1651792748, "_runtime": 59866, "_step": 25}