{"err_dr": 5.157647609710693, "err_g": 5.795554161071777, "fig": {"_type": "image-file", "path": "media/images/fig_21_79e4eb3d1f79c9f43591.png", "sha256": "79e4eb3d1f79c9f43591bb4e51d6fd038f3bd7f3f9c428d66e459e289ba5b2f9", "size": 23978, "format": "png", "width": 800, "height": 3200}, "precision": 0.0, "recall": 0.0, "density": 0.0, "coverage": 0.0, "fid": 333.04143515729413, "real_is": 2.578732967376709, "fake_is": 1.0000003576278687, "_timestamp": 1651793348, "_runtime": 60129, "_step": 21}