{"err_dr": 0.08140415698289871, "err_g": 0.37939924001693726, "fig": {"_type": "image-file", "path": "media/images/fig_0_be87a11c4d3206592f04.png", "sha256": "be87a11c4d3206592f0436cdfd019b23abdb2356b75c1bc54b4c595a2373574e", "size": 23953, "format": "png", "width": 800, "height": 3200}, "precision": 0.0, "recall": 0.0, "density": 0.0, "coverage": 0.0, "fid": 313.21795102420725, "real_is": 2.578732967376709, "fake_is": 1.0, "_timestamp": 1651733244, "_runtime": 25, "_step": 0}